{
  "DGS10": {
    "median": 0.0099055443503514,
    "scale": 0.0429107787116287
  },
  "DGS2": {
    "median": -0.0045207844531223,
    "scale": 0.04346629824794673
  },
  "DGS3MO": {
    "median": -0.0295347298345258,
    "scale": 0.060732815462980996
  }
}