series,Kupiec_p,Christoffersen_UC_p,Christoffersen_IND_p,CC_p,exceptions_last_window,traffic_light
DGS10,0.005673113760722437,0.005673113760722437,0.4809565728449422,0.01700919278640256,3,green
DGS2,0.0011170002648698274,0.0011170002648698274,0.3067053439734153,0.002926875804286966,6,yellow
DGS3MO,0.024935184233780938,0.024935184233780938,0.13456106145650426,0.026417444391662936,5,yellow
